material_id,material_name,material_type
1,Tempore - 10433218,Insumo Químico
2,Veritatis - 81960019,Catalisador
3,Esse - 38908385,Embalagem
4,Nihil - 37940263,Catalisador
5,Laboriosam - 42351160,Catalisador
6,Consequatur - 55940788,Aditivo
7,Cupiditate - 61849594,Embalagem
8,Earum - 10341315,Embalagem
9,Modi - 47525535,Embalagem
10,Velit - 41928325,Catalisador
11,Officiis - 64835037,Insumo Químico
12,Aliquid - 56413953,Embalagem
13,Error - 76724237,Catalisador
14,Ratione - 84969651,Aditivo
15,Est - 28710127,Insumo Químico
16,Sunt - 26916699,Aditivo
17,Omnis - 84801845,Insumo Químico
18,Temporibus - 51462703,Catalisador
19,Fuga - 82814892,Fertilizante
20,Eius - 25288094,Insumo Químico
21,Iste - 70154306,Aditivo
22,Excepturi - 91171825,Catalisador
23,Debitis - 78248960,Insumo Químico
24,Error - 83465789,Fertilizante
25,Odio - 13315092,Fertilizante
26,Quod - 39301031,Embalagem
27,Atque - 05183470,Embalagem
28,Error - 82997373,Aditivo
29,Nemo - 31165662,Insumo Químico
30,Omnis - 01065138,Insumo Químico
31,Earum - 38726248,Embalagem
32,Officiis - 31781084,Insumo Químico
33,Accusantium - 13267735,Insumo Químico
34,Natus - 02606477,Fertilizante
35,Illo - 68723439,Embalagem
36,Aspernatur - 98050093,Catalisador
37,Perferendis - 88208121,Embalagem
38,Atque - 91361936,Catalisador
39,Repellendus - 90916991,Fertilizante
40,Quasi - 54353466,Aditivo
41,Delectus - 47510791,Insumo Químico
42,Recusandae - 11838425,Fertilizante
43,Laudantium - 13542788,Insumo Químico
44,Voluptatibus - 49808414,Aditivo
45,Deleniti - 41182444,Aditivo
46,Sed - 35348740,Fertilizante
47,Asperiores - 16400528,Aditivo
48,Tempore - 42786801,Catalisador
49,Culpa - 12805983,Aditivo
50,Dignissimos - 62045056,Insumo Químico
51,Eos - 31586924,Insumo Químico
52,Ex - 22602565,Insumo Químico
53,Velit - 34216071,Insumo Químico
54,Est - 37543303,Catalisador
55,Unde - 36541454,Embalagem
56,Temporibus - 86850148,Fertilizante
57,Dolorum - 94019650,Insumo Químico
58,Ipsam - 69816932,Aditivo
59,Facere - 06088354,Insumo Químico
60,Non - 15951489,Aditivo
61,Ipsa - 65648230,Aditivo
62,Nihil - 62994682,Insumo Químico
63,A - 44369958,Catalisador
64,Omnis - 77387219,Aditivo
65,Id - 89513439,Aditivo
66,Eius - 20037918,Insumo Químico
67,Odit - 69367632,Aditivo
68,Dignissimos - 01632873,Aditivo
69,Architecto - 83172786,Insumo Químico
70,Ratione - 95798684,Insumo Químico
71,Occaecati - 27743485,Fertilizante
72,Placeat - 34714348,Catalisador
73,Iusto - 58122365,Catalisador
74,Voluptate - 23166585,Aditivo
75,Omnis - 60366900,Catalisador
76,Repellat - 67054664,Aditivo
77,Quidem - 89373460,Fertilizante
78,Placeat - 06562724,Insumo Químico
79,Soluta - 80699019,Insumo Químico
80,Temporibus - 62720465,Insumo Químico
81,Itaque - 37556464,Catalisador
82,Explicabo - 17080538,Fertilizante
83,Totam - 10033098,Catalisador
84,Dolor - 32719376,Catalisador
85,Voluptates - 45299124,Fertilizante
86,Ipsa - 19049663,Fertilizante
87,Eius - 19314914,Fertilizante
88,Recusandae - 05865185,Fertilizante
89,Tenetur - 50671656,Insumo Químico
90,Tempora - 72628492,Embalagem
91,Quidem - 77694539,Embalagem
92,Commodi - 47379961,Fertilizante
93,Labore - 07527357,Embalagem
94,Facilis - 54948082,Embalagem
95,Eaque - 13678371,Fertilizante
96,Tenetur - 77014368,Embalagem
97,Voluptate - 34957882,Catalisador
98,Laborum - 68557447,Aditivo
99,Explicabo - 31351829,Aditivo
100,Earum - 37498948,Fertilizante
101,Consequuntur - 34352403,Insumo Químico
102,Voluptatum - 82400842,Fertilizante
103,Voluptatem - 27109472,Insumo Químico
104,Perferendis - 75204716,Aditivo
105,At - 67190225,Fertilizante
106,Recusandae - 41318690,Catalisador
107,Saepe - 93867740,Embalagem
108,Repudiandae - 64990910,Insumo Químico
109,Eos - 34123287,Embalagem
110,Autem - 20679743,Embalagem
111,Aliquid - 34471340,Fertilizante
112,Sunt - 93618328,Embalagem
113,Fugiat - 21024993,Catalisador
114,Illo - 71746487,Embalagem
115,Quis - 77190659,Fertilizante
116,Sed - 40139906,Catalisador
117,Veniam - 49027877,Aditivo
118,Hic - 29671755,Embalagem
119,Nemo - 55125673,Fertilizante
120,Illo - 68071547,Aditivo
121,Iste - 16808768,Aditivo
122,Asperiores - 38597701,Insumo Químico
123,Enim - 48247719,Catalisador
124,Aliquam - 93248082,Embalagem
125,Nemo - 13171278,Fertilizante
126,Illum - 84677372,Insumo Químico
127,Quod - 26398211,Catalisador
128,Harum - 65840443,Insumo Químico
129,Repudiandae - 97278757,Catalisador
130,Iusto - 88675336,Catalisador
131,Rem - 63605761,Embalagem
132,Molestiae - 27028957,Catalisador
133,Consequuntur - 71870267,Insumo Químico
134,Ullam - 21745966,Catalisador
135,Totam - 15865786,Embalagem
136,Amet - 91343161,Embalagem
137,Consequuntur - 17240055,Insumo Químico
138,Aspernatur - 45562389,Aditivo
139,Neque - 92221963,Aditivo
140,Sit - 37923747,Catalisador
141,Officia - 40748214,Fertilizante
142,Numquam - 59464747,Catalisador
143,Eius - 67136957,Insumo Químico
144,Repellat - 44064099,Insumo Químico
145,Vitae - 09743953,Insumo Químico
146,Est - 39421043,Insumo Químico
147,Nulla - 09521452,Insumo Químico
148,Nesciunt - 23285880,Embalagem
149,Fugit - 24745178,Aditivo
150,Autem - 23685161,Insumo Químico
151,Accusantium - 48175494,Fertilizante
152,Modi - 51370985,Fertilizante
153,Itaque - 93174619,Fertilizante
154,Deserunt - 00471138,Fertilizante
155,Quidem - 26758695,Embalagem
156,Dolor - 61796409,Fertilizante
157,Voluptas - 53773517,Insumo Químico
158,Vitae - 58506431,Catalisador
159,Cupiditate - 71390055,Fertilizante
160,Exercitationem - 29318391,Embalagem
161,Esse - 35290421,Embalagem
162,Delectus - 84210203,Fertilizante
163,Magnam - 39502407,Catalisador
164,Debitis - 68117757,Fertilizante
165,Quam - 91783905,Embalagem
166,Unde - 84700766,Aditivo
167,Nobis - 17711593,Insumo Químico
168,Dignissimos - 12499854,Embalagem
169,Modi - 98478965,Fertilizante
170,Consequuntur - 18367362,Insumo Químico
171,Labore - 76615658,Fertilizante
172,Vel - 45271113,Fertilizante
173,Consectetur - 61528093,Aditivo
174,Ratione - 85165601,Insumo Químico
175,Illo - 94519839,Insumo Químico
176,Dolor - 73158516,Aditivo
177,Hic - 93689984,Embalagem
178,Alias - 94024456,Fertilizante
179,Laudantium - 02296128,Catalisador
180,Tempora - 01836677,Fertilizante
181,Laboriosam - 25459913,Fertilizante
182,Asperiores - 22901477,Embalagem
183,Ut - 67976430,Fertilizante
184,Quam - 15614971,Aditivo
185,Qui - 40369006,Aditivo
186,Enim - 43244515,Insumo Químico
187,Ab - 76226830,Catalisador
188,Provident - 85160606,Fertilizante
189,Officia - 15969668,Fertilizante
190,Illum - 16052970,Embalagem
191,Voluptas - 51613693,Aditivo
192,Natus - 81645350,Catalisador
193,Dolores - 18188356,Insumo Químico
194,Laudantium - 23124325,Aditivo
195,Sed - 21277993,Insumo Químico
196,Occaecati - 99552718,Embalagem
197,Optio - 74490585,Embalagem
198,Aut - 47700543,Fertilizante
199,Autem - 19986791,Catalisador
200,Quod - 07935978,Insumo Químico
201,Provident - 20715182,Aditivo
202,Tenetur - 20377885,Embalagem
203,Similique - 25546651,Fertilizante
204,Veritatis - 90515187,Fertilizante
205,Veritatis - 64492513,Insumo Químico
206,Reprehenderit - 25462913,Embalagem
207,Ipsa - 86528160,Catalisador
208,Quaerat - 50542352,Embalagem
209,Placeat - 33221410,Insumo Químico
210,Quae - 88059297,Insumo Químico
211,Minus - 22292704,Embalagem
212,Neque - 53794734,Insumo Químico
213,Quibusdam - 34735978,Embalagem
214,Officiis - 46886231,Aditivo
215,Sed - 24075817,Embalagem
216,Quas - 14124785,Embalagem
217,Dignissimos - 61375062,Insumo Químico
218,Asperiores - 68536152,Insumo Químico
219,Et - 05152209,Fertilizante
220,Illo - 72779019,Fertilizante
221,Ad - 43289868,Aditivo
222,Culpa - 43410361,Fertilizante
223,Tempore - 97117988,Embalagem
224,Ad - 89324608,Insumo Químico
225,Sint - 53962188,Fertilizante
226,Magni - 18888805,Fertilizante
227,Molestias - 70654059,Aditivo
228,Atque - 53195203,Aditivo
229,Libero - 85277229,Embalagem
230,At - 70430301,Insumo Químico
231,Ipsam - 48687409,Aditivo
232,Tenetur - 34505410,Fertilizante
233,Maxime - 66765271,Insumo Químico
234,Voluptate - 75841614,Insumo Químico
235,Non - 92845114,Fertilizante
236,Itaque - 44796273,Aditivo
237,Laudantium - 70596403,Fertilizante
238,Autem - 65820292,Insumo Químico
239,Veritatis - 70213553,Catalisador
240,Molestiae - 90927553,Catalisador
241,Numquam - 19285658,Embalagem
242,Totam - 43102785,Fertilizante
243,Molestias - 81447398,Fertilizante
244,Illo - 73121725,Embalagem
245,Numquam - 15518842,Embalagem
246,In - 22583130,Embalagem
247,Deserunt - 37058951,Insumo Químico
248,Omnis - 82911461,Fertilizante
249,Perferendis - 86691253,Insumo Químico
250,Temporibus - 17785280,Embalagem
251,Tempore - 92268012,Fertilizante
252,Quas - 24225359,Insumo Químico
253,Quas - 41438428,Insumo Químico
254,Sunt - 49818291,Embalagem
255,Repellendus - 22995902,Fertilizante
256,Aliquam - 10943960,Embalagem
257,Sit - 07844737,Fertilizante
258,Vitae - 64710273,Catalisador
259,Nesciunt - 77359254,Aditivo
260,Ipsum - 56258813,Aditivo
261,Ipsum - 37147327,Aditivo
262,Consequatur - 04696322,Embalagem
263,Itaque - 95327877,Catalisador
264,Praesentium - 47016873,Fertilizante
265,Excepturi - 39500472,Insumo Químico
266,Saepe - 74801626,Fertilizante
267,Fuga - 56506099,Insumo Químico
268,Ratione - 35841685,Fertilizante
269,Odio - 84991218,Catalisador
270,Mollitia - 55852395,Insumo Químico
271,Quaerat - 68000257,Embalagem
272,Pariatur - 87298253,Fertilizante
273,Similique - 52694950,Fertilizante
274,Quae - 88794709,Insumo Químico
275,Maxime - 51694098,Embalagem
276,Pariatur - 49930979,Embalagem
277,Dolores - 89623091,Catalisador
278,Voluptates - 13075620,Embalagem
279,Neque - 36897025,Embalagem
280,Quas - 38578656,Embalagem
281,Doloribus - 78585492,Aditivo
282,Perspiciatis - 33484341,Catalisador
283,Illo - 37575847,Fertilizante
284,Illo - 19866529,Insumo Químico
285,Illum - 04157472,Fertilizante
286,Error - 38484216,Catalisador
287,Sint - 93308335,Insumo Químico
288,Asperiores - 16571204,Catalisador
289,Quo - 26773452,Embalagem
290,Illo - 01938029,Insumo Químico
291,Nesciunt - 20672409,Embalagem
292,Accusamus - 49915471,Fertilizante
293,Temporibus - 88728742,Fertilizante
294,Earum - 15274205,Insumo Químico
295,Labore - 49329667,Insumo Químico
296,Quam - 51612276,Catalisador
297,Iste - 30463745,Catalisador
298,Iure - 49904536,Embalagem
299,Assumenda - 17426848,Insumo Químico
300,Voluptas - 14593321,Fertilizante
301,Perferendis - 27956878,Catalisador
302,Quidem - 33918785,Catalisador
303,Voluptatibus - 51910884,Fertilizante
304,Eligendi - 98225873,Catalisador
305,Cum - 39718709,Embalagem
306,Odit - 28679080,Insumo Químico
307,Officiis - 40640396,Fertilizante
308,Aut - 06518011,Insumo Químico
309,Optio - 04622659,Catalisador
310,Modi - 76618253,Catalisador
311,Cumque - 28682301,Fertilizante
312,Adipisci - 47868632,Embalagem
313,Expedita - 75243104,Aditivo
314,Ut - 69033117,Fertilizante
315,Saepe - 07903069,Aditivo
316,Nulla - 38302848,Aditivo
317,Eveniet - 95995342,Embalagem
318,Dicta - 83644085,Aditivo
319,Rerum - 26870564,Aditivo
320,Qui - 56624625,Embalagem
321,Quidem - 73342700,Aditivo
322,Ratione - 66882633,Aditivo
323,Facere - 35175186,Aditivo
324,Eaque - 04699019,Fertilizante
325,Eaque - 98373543,Fertilizante
326,Accusantium - 33173931,Fertilizante
327,Nam - 38546785,Embalagem
328,Totam - 54458772,Catalisador
329,Consequuntur - 75355609,Aditivo
330,Recusandae - 32048995,Aditivo
331,Nesciunt - 42353690,Embalagem
332,Exercitationem - 78547773,Aditivo
333,Dolores - 52287282,Fertilizante
334,Temporibus - 08010063,Catalisador
335,Deserunt - 31203876,Insumo Químico
336,Minima - 09977006,Aditivo
337,Quibusdam - 86008488,Fertilizante
338,Illo - 08621184,Insumo Químico
339,Distinctio - 33984544,Catalisador
340,Nam - 15679338,Insumo Químico
341,In - 10166680,Fertilizante
342,Pariatur - 00217651,Insumo Químico
343,Recusandae - 18033977,Embalagem
344,Fugit - 01489026,Insumo Químico
345,Ipsam - 03926147,Aditivo
346,Dolorem - 93968560,Aditivo
347,Deserunt - 18501636,Embalagem
348,Autem - 59996507,Fertilizante
349,Tempora - 47735866,Aditivo
350,Non - 29619436,Catalisador
351,Aut - 14262654,Aditivo
352,Magni - 11047544,Aditivo
353,Corporis - 21267888,Fertilizante
354,Quam - 61015814,Insumo Químico
355,Saepe - 95604664,Aditivo
356,Blanditiis - 83982620,Embalagem
357,Deserunt - 44472122,Insumo Químico
358,Nostrum - 46471543,Catalisador
359,Expedita - 79937122,Fertilizante
360,Incidunt - 06596576,Catalisador
361,Iusto - 69245930,Insumo Químico
362,Perferendis - 52654794,Insumo Químico
363,Exercitationem - 56465198,Insumo Químico
364,Eligendi - 98280735,Catalisador
365,Nulla - 41672433,Insumo Químico
366,Explicabo - 26617978,Catalisador
367,Reprehenderit - 68868055,Insumo Químico
368,Voluptates - 89113523,Embalagem
369,Tenetur - 90965616,Insumo Químico
370,Accusamus - 14388897,Catalisador
371,Voluptas - 93756792,Aditivo
372,Voluptas - 82507145,Insumo Químico
373,Nesciunt - 11254577,Aditivo
374,Enim - 87571776,Embalagem
375,Ipsum - 14010514,Fertilizante
376,Veritatis - 23828254,Embalagem
377,Ratione - 67362264,Insumo Químico
378,Nam - 09379664,Aditivo
379,Ab - 33419183,Aditivo
380,Ea - 55371476,Catalisador
381,Quia - 59696919,Aditivo
382,Laudantium - 57924991,Catalisador
383,Blanditiis - 25134124,Fertilizante
384,Minima - 28669296,Insumo Químico
385,Molestiae - 62782821,Catalisador
386,Porro - 42257905,Fertilizante
387,Magnam - 07236884,Aditivo
388,Ullam - 76767722,Aditivo
389,Blanditiis - 90340437,Fertilizante
390,Quidem - 42797883,Aditivo
391,Culpa - 91485809,Fertilizante
392,Nulla - 83613401,Catalisador
393,Odio - 45171338,Catalisador
394,Repudiandae - 59629238,Fertilizante
395,Enim - 09584983,Catalisador
396,Dolores - 54494817,Catalisador
397,Deleniti - 60422323,Catalisador
398,Iste - 36729463,Embalagem
399,Minus - 71168456,Insumo Químico
400,Odit - 75901752,Aditivo
401,At - 86363747,Embalagem
402,Iste - 45892974,Catalisador
403,Laboriosam - 00170123,Fertilizante
404,Nulla - 70632422,Catalisador
405,Harum - 15415202,Insumo Químico
406,Nam - 43611034,Catalisador
407,Perferendis - 12938704,Fertilizante
408,Accusamus - 51627133,Insumo Químico
409,Molestiae - 11155423,Catalisador
410,Modi - 22189097,Insumo Químico
411,Totam - 27532690,Aditivo
412,Vitae - 73112198,Aditivo
413,Molestiae - 56523416,Catalisador
414,Expedita - 89994047,Insumo Químico
415,Enim - 89836408,Fertilizante
416,Excepturi - 76137914,Catalisador
417,Quia - 05526963,Aditivo
418,Maiores - 82710910,Aditivo
419,Accusantium - 43006847,Catalisador
420,Sunt - 86661881,Insumo Químico
421,Sint - 24141833,Aditivo
422,Dolor - 85691469,Insumo Químico
423,Excepturi - 03161791,Aditivo
424,Sequi - 04210207,Aditivo
425,Dolorem - 75884253,Embalagem
426,Debitis - 41056486,Aditivo
427,At - 49177855,Fertilizante
428,Aspernatur - 79252416,Catalisador
429,Rem - 13800031,Catalisador
430,Aperiam - 75622084,Insumo Químico
431,Ullam - 63536546,Aditivo
432,Autem - 95180236,Fertilizante
433,Quas - 06174453,Insumo Químico
434,Commodi - 87053494,Embalagem
435,Incidunt - 93759731,Insumo Químico
436,Quisquam - 32060386,Insumo Químico
437,Laborum - 05064137,Aditivo
438,Quia - 36702411,Embalagem
439,Aperiam - 38657191,Insumo Químico
440,Consequatur - 82619909,Fertilizante
441,Nostrum - 23445659,Fertilizante
442,Ipsum - 74313297,Catalisador
443,Corrupti - 21277566,Embalagem
444,Cumque - 85374744,Embalagem
445,Cumque - 12490356,Catalisador
446,Dignissimos - 13568047,Insumo Químico
447,Facilis - 20678838,Embalagem
448,Consequatur - 71210032,Fertilizante
449,Delectus - 36519941,Fertilizante
450,Autem - 01372151,Aditivo
451,Cupiditate - 07029660,Embalagem
452,Praesentium - 06625320,Insumo Químico
453,Harum - 47209992,Catalisador
454,Exercitationem - 47687011,Catalisador
455,Hic - 62638388,Insumo Químico
456,Ad - 65787595,Aditivo
457,Provident - 56420593,Catalisador
458,Est - 04078593,Embalagem
459,Eveniet - 21334801,Aditivo
460,Est - 96522394,Embalagem
461,Ipsum - 59059929,Fertilizante
462,Recusandae - 37842703,Aditivo
463,Consectetur - 03930878,Catalisador
464,A - 59325253,Aditivo
465,Assumenda - 02921853,Aditivo
466,Aut - 56915457,Aditivo
467,Deleniti - 26752891,Aditivo
468,Magnam - 39264428,Embalagem
469,Dolorum - 09690295,Fertilizante
470,Ipsum - 93917254,Insumo Químico
471,Autem - 35521570,Aditivo
472,Accusamus - 43315413,Catalisador
473,A - 06762674,Aditivo
474,Minus - 58617939,Catalisador
475,Dolorem - 71040547,Embalagem
476,Corporis - 15262189,Catalisador
477,Consectetur - 59970620,Insumo Químico
478,Sequi - 62015332,Fertilizante
479,Nemo - 88444314,Catalisador
480,Architecto - 69872051,Catalisador
481,A - 61497313,Fertilizante
482,Alias - 32417142,Insumo Químico
483,Nam - 77418623,Aditivo
484,Maxime - 65270479,Catalisador
485,Omnis - 43490219,Fertilizante
486,Blanditiis - 58693803,Embalagem
487,Molestias - 86879378,Fertilizante
488,In - 16089891,Embalagem
489,Veritatis - 92172234,Insumo Químico
490,Earum - 20616328,Aditivo
491,Saepe - 45116865,Fertilizante
492,Quod - 54870994,Catalisador
493,Quasi - 61622999,Insumo Químico
494,Reprehenderit - 11914853,Fertilizante
495,Neque - 46799708,Catalisador
496,Doloribus - 46299604,Fertilizante
497,Nam - 53074508,Embalagem
498,Labore - 44471323,Fertilizante
499,In - 75469139,Fertilizante
500,Numquam - 36785087,Fertilizante
501,Dolore - 14862892,Insumo Químico
502,Aliquam - 23303072,Fertilizante
503,Architecto - 53457868,Catalisador
504,Tempora - 10357972,Embalagem
505,Dolorum - 79855242,Embalagem
506,Voluptas - 14060298,Fertilizante
507,Error - 33346809,Insumo Químico
508,Vero - 07229039,Insumo Químico
509,Explicabo - 94466577,Catalisador
510,Explicabo - 37489694,Fertilizante
511,Corporis - 08589941,Embalagem
512,In - 17154543,Insumo Químico
513,Facilis - 43283095,Fertilizante
514,Necessitatibus - 52074462,Insumo Químico
515,Necessitatibus - 60993533,Insumo Químico
516,Vitae - 87584288,Embalagem
517,Ducimus - 41724828,Aditivo
518,Vero - 51353469,Catalisador
519,Iure - 54947177,Catalisador
520,Asperiores - 99917388,Embalagem
521,Cumque - 68460228,Insumo Químico
522,Eligendi - 56972528,Fertilizante
523,Beatae - 75250072,Insumo Químico
524,Harum - 32927122,Embalagem
525,Sint - 66667605,Catalisador
526,Amet - 83505836,Insumo Químico
527,Ad - 03354216,Catalisador
528,Molestiae - 89421048,Fertilizante
529,Illum - 78985629,Catalisador
530,Laboriosam - 75326036,Catalisador
531,Et - 23098213,Aditivo
532,Maiores - 06489090,Aditivo
533,Architecto - 10016763,Aditivo
534,Cupiditate - 84723048,Catalisador
535,Nihil - 18499261,Embalagem
536,Corporis - 89141175,Catalisador
537,Eius - 93483568,Embalagem
538,Impedit - 20873752,Embalagem
539,Ex - 00119726,Aditivo
540,Consectetur - 81143740,Insumo Químico
541,Fuga - 70120455,Fertilizante
542,Veritatis - 56110029,Aditivo
543,Ut - 25579413,Aditivo
544,Minima - 52166747,Insumo Químico
545,Molestiae - 76212024,Fertilizante
546,Corporis - 69797293,Catalisador
547,Modi - 59027713,Catalisador
548,Neque - 70145083,Aditivo
549,Repellat - 93588911,Fertilizante
550,Non - 37562892,Aditivo
551,Asperiores - 02877211,Embalagem
552,Porro - 53540836,Aditivo
553,Quo - 66317791,Aditivo
554,Occaecati - 17751704,Catalisador
555,Corporis - 66088011,Catalisador
556,Sed - 94883756,Catalisador
557,Maiores - 03758991,Embalagem
558,Pariatur - 57113050,Catalisador
559,Libero - 48851022,Fertilizante
560,Possimus - 26149332,Insumo Químico
561,Cumque - 63735161,Fertilizante
562,Aperiam - 91779823,Fertilizante
563,Praesentium - 08086976,Catalisador
564,Quaerat - 29221691,Insumo Químico
565,Sequi - 58669341,Insumo Químico
566,Nam - 54722699,Insumo Químico
567,Voluptates - 84858337,Embalagem
568,Eos - 94522884,Catalisador
569,Voluptate - 51587994,Insumo Químico
570,Vel - 68460815,Embalagem
571,Alias - 62003421,Aditivo
572,Illo - 42043805,Aditivo
573,Magnam - 71983868,Embalagem
574,Ex - 84066657,Embalagem
575,Quod - 00439732,Catalisador
576,Tempora - 59893349,Catalisador
577,Occaecati - 21228162,Aditivo
578,Animi - 64842295,Insumo Químico
579,Facere - 05720255,Aditivo
580,Saepe - 09479852,Insumo Químico
581,Aut - 58328187,Insumo Químico
582,Dolore - 68861537,Catalisador
583,Error - 55543989,Fertilizante
584,Pariatur - 80157397,Fertilizante
585,Soluta - 30561649,Embalagem
586,Quis - 40858876,Catalisador
587,Placeat - 04358114,Insumo Químico
588,Doloremque - 88013367,Fertilizante
589,Corporis - 38612077,Insumo Químico
590,Iure - 01102482,Fertilizante
591,Aut - 93466769,Fertilizante
592,Non - 50618095,Fertilizante
593,At - 90158148,Catalisador
594,Vitae - 49147667,Aditivo
595,Ut - 07283260,Insumo Químico
596,Quisquam - 42450887,Catalisador
597,Dicta - 10099681,Catalisador
598,Quo - 14353680,Catalisador
599,Dicta - 22394316,Catalisador
600,Ducimus - 90878145,Catalisador
601,Velit - 14139758,Embalagem
602,Magnam - 23149137,Insumo Químico
603,Ipsum - 77594921,Catalisador
604,Recusandae - 95562056,Insumo Químico
605,Expedita - 36452576,Embalagem
606,Officiis - 75478124,Embalagem
607,Tenetur - 91428349,Insumo Químico
608,Sunt - 11080992,Fertilizante
609,Necessitatibus - 93084888,Aditivo
610,Optio - 25639421,Fertilizante
611,Officiis - 88165806,Fertilizante
612,Ut - 39282729,Fertilizante
613,Dolorum - 99275037,Catalisador
614,Placeat - 31453035,Embalagem
615,Quas - 56770056,Fertilizante
616,Corporis - 84498922,Embalagem
617,Minus - 65918463,Insumo Químico
618,Et - 86557795,Aditivo
619,Ab - 82723187,Insumo Químico
620,Temporibus - 43222599,Insumo Químico
621,Cumque - 36517770,Catalisador
622,Eos - 92603028,Aditivo
623,Rem - 92280922,Insumo Químico
624,Aspernatur - 24286992,Insumo Químico
625,Tempore - 04137979,Aditivo
626,Perspiciatis - 23692923,Aditivo
627,Soluta - 84257994,Insumo Químico
628,Atque - 36621033,Aditivo
629,Quasi - 86291279,Insumo Químico
630,Sint - 90881176,Insumo Químico
631,Unde - 29806867,Catalisador
632,Maxime - 08637659,Fertilizante
633,Repudiandae - 91624734,Insumo Químico
634,Blanditiis - 49864304,Embalagem
635,Voluptatum - 09818064,Fertilizante
636,Ullam - 35651260,Fertilizante
637,Totam - 94486957,Fertilizante
638,Similique - 46368874,Catalisador
639,Dolorum - 58874493,Insumo Químico
640,Laborum - 62137218,Catalisador
641,Error - 86589024,Insumo Químico
642,Molestias - 01279610,Catalisador
643,At - 43519064,Catalisador
644,Natus - 98490271,Embalagem
645,Nulla - 03843093,Catalisador
646,Quaerat - 83920530,Aditivo
647,Ullam - 02146560,Embalagem
648,Necessitatibus - 93801188,Catalisador
649,Id - 89554395,Fertilizante
650,Earum - 76904264,Aditivo
651,Quae - 18184518,Aditivo
652,Quam - 48947695,Aditivo
653,Perspiciatis - 35779070,Embalagem
654,Cum - 41633564,Catalisador
655,Libero - 88043418,Catalisador
656,Natus - 51827557,Fertilizante
657,Esse - 94237337,Fertilizante
658,Excepturi - 43333950,Aditivo
659,Dolor - 11179085,Fertilizante
660,Animi - 75957940,Embalagem
661,Porro - 28463924,Catalisador
662,Asperiores - 86780858,Aditivo
663,Mollitia - 27187500,Fertilizante
664,Accusantium - 36915590,Embalagem
665,Facilis - 28434795,Embalagem
666,Laboriosam - 52763656,Fertilizante
667,Maiores - 64729299,Catalisador
668,Vitae - 31438667,Fertilizante
669,Eius - 22702678,Aditivo
670,Deleniti - 88574486,Fertilizante
671,Reiciendis - 06120344,Embalagem
672,Pariatur - 17545587,Fertilizante
673,Quos - 45061592,Catalisador
674,Eius - 99824556,Insumo Químico
675,Veniam - 87716948,Fertilizante
676,Officiis - 22569967,Catalisador
677,Aut - 12535545,Catalisador
678,Voluptatum - 49647594,Embalagem
679,Quasi - 76220234,Catalisador
680,Ut - 41326114,Catalisador
681,At - 78006812,Catalisador
682,Corporis - 49216431,Catalisador
683,Expedita - 47228207,Aditivo
684,Aliquid - 55778480,Aditivo
685,Numquam - 28299790,Embalagem
686,Nostrum - 88457833,Fertilizante
687,Commodi - 74564248,Catalisador
688,Accusamus - 08254788,Fertilizante
689,Accusamus - 77406491,Fertilizante
690,Eveniet - 08536860,Embalagem
691,Nam - 32663419,Catalisador
692,Nisi - 38944840,Catalisador
693,Neque - 31224178,Insumo Químico
694,Sit - 74973507,Fertilizante
695,Distinctio - 08021441,Fertilizante
696,Debitis - 70312072,Aditivo
697,Esse - 56475708,Insumo Químico
698,Iure - 12046188,Aditivo
699,Optio - 23460133,Aditivo
700,Molestiae - 73037187,Aditivo
701,Vel - 37645205,Embalagem
702,Quo - 81474356,Embalagem
703,Asperiores - 31365024,Aditivo
704,Harum - 91630094,Insumo Químico
705,Voluptas - 79251327,Fertilizante
706,Praesentium - 19500522,Insumo Químico
707,Voluptates - 81273584,Catalisador
708,Tenetur - 57306520,Embalagem
709,Explicabo - 07784873,Fertilizante
710,Eaque - 92855748,Fertilizante
711,Sapiente - 82182748,Catalisador
712,Fuga - 85708624,Catalisador
713,Ad - 95935188,Aditivo
714,Molestias - 38782947,Embalagem
715,Iste - 65118108,Embalagem
716,Delectus - 20317317,Insumo Químico
717,Aliquid - 96789940,Aditivo
718,Architecto - 53910370,Aditivo
719,Beatae - 70586503,Aditivo
720,Sint - 48014137,Aditivo
721,Quas - 11386339,Embalagem
722,Qui - 39288615,Embalagem
723,Tempore - 95761220,Aditivo
724,Quo - 68528973,Insumo Químico
725,Libero - 58556658,Fertilizante
726,Sequi - 39836847,Fertilizante
727,Magni - 77600493,Insumo Químico
728,Ad - 82404338,Aditivo
729,Ipsam - 04888994,Embalagem
730,Dolor - 10752241,Fertilizante
731,Maiores - 93344197,Catalisador
732,Natus - 93157278,Catalisador
733,Voluptas - 91940964,Insumo Químico
734,Beatae - 05566136,Aditivo
735,Ullam - 90604805,Fertilizante
736,Ipsum - 89258323,Aditivo
737,Architecto - 67998135,Fertilizante
738,Non - 46225177,Insumo Químico
739,Rem - 08641687,Insumo Químico
740,Nostrum - 22783769,Catalisador
741,Totam - 93898331,Aditivo
742,Aut - 46591166,Catalisador
743,Nisi - 55355902,Aditivo
744,Inventore - 25979275,Catalisador
745,Aperiam - 33521107,Embalagem
746,Exercitationem - 92405141,Embalagem
747,Odio - 70538335,Embalagem
748,Quisquam - 84879202,Embalagem
749,Minus - 98042043,Fertilizante
750,Eligendi - 94070163,Embalagem
751,Ut - 45104633,Insumo Químico
752,Modi - 81579815,Insumo Químico
753,Ea - 38780035,Fertilizante
754,Quia - 45762055,Embalagem
755,Vitae - 55438407,Embalagem
756,Sunt - 46084323,Embalagem
757,Laboriosam - 62168939,Catalisador
758,Nesciunt - 39264954,Aditivo
759,Occaecati - 82329839,Catalisador
760,Deserunt - 48262927,Aditivo
761,Ipsum - 18812527,Embalagem
762,Aliquam - 56647426,Embalagem
763,Eaque - 12209941,Catalisador
764,Sequi - 99393304,Catalisador
765,Magnam - 17289757,Aditivo
766,Ea - 67722334,Insumo Químico
767,Aliquid - 60463333,Aditivo
768,At - 27975732,Catalisador
769,Nobis - 60965691,Catalisador
770,Rem - 98808175,Fertilizante
771,Odit - 03886083,Catalisador
772,Molestias - 80347644,Fertilizante
773,Illo - 72649084,Insumo Químico
774,Dicta - 77181299,Aditivo
775,Voluptatem - 82665708,Aditivo
776,Dolorum - 79371452,Fertilizante
777,Voluptate - 21117510,Aditivo
778,Qui - 68926861,Catalisador
779,Aperiam - 25922226,Embalagem
780,Asperiores - 64474212,Fertilizante
781,Delectus - 30940772,Aditivo
782,Praesentium - 80973393,Fertilizante
783,Unde - 77671998,Fertilizante
784,Ab - 38498305,Embalagem
785,Ea - 20502096,Catalisador
786,Sed - 45101625,Fertilizante
787,Dolorem - 49998276,Aditivo
788,Repellendus - 50145560,Insumo Químico
789,Atque - 68147211,Fertilizante
790,Voluptate - 45868337,Fertilizante
791,Similique - 01981797,Embalagem
792,Voluptatibus - 46954893,Catalisador
793,Soluta - 52997877,Insumo Químico
794,Possimus - 29343010,Aditivo
795,Alias - 71396606,Insumo Químico
796,Iusto - 58303443,Aditivo
797,Atque - 44885014,Catalisador
798,Vitae - 55699020,Aditivo
799,Earum - 55770279,Embalagem
800,Dolor - 78576087,Embalagem
801,In - 95880396,Embalagem
802,Vitae - 55124058,Embalagem
803,Minus - 82996291,Insumo Químico
804,Cum - 45046179,Catalisador
805,Ex - 57438429,Aditivo
806,Culpa - 50317806,Aditivo
807,Perspiciatis - 82357849,Embalagem
808,Itaque - 21823077,Embalagem
809,Molestias - 81040919,Fertilizante
810,Iusto - 70184099,Catalisador
811,Ipsa - 35334484,Insumo Químico
812,Ipsum - 71422411,Aditivo
813,Accusantium - 98813858,Fertilizante
814,Quo - 54249325,Fertilizante
815,Aut - 49587029,Aditivo
816,Aliquam - 70160161,Insumo Químico
817,Mollitia - 29979547,Fertilizante
818,Iusto - 38179211,Fertilizante
819,Voluptatem - 71747736,Catalisador
820,Et - 29456253,Insumo Químico
821,Itaque - 77017154,Fertilizante
822,Perferendis - 72459928,Insumo Químico
823,Quaerat - 16158146,Aditivo
824,Quibusdam - 76963933,Embalagem
825,Quo - 27615393,Fertilizante
826,Non - 69583216,Catalisador
827,Rem - 71997582,Aditivo
828,Consequatur - 72461914,Insumo Químico
829,Vitae - 96570135,Aditivo
830,Deserunt - 90227844,Fertilizante
831,Molestias - 99733544,Insumo Químico
832,Reiciendis - 46519092,Embalagem
833,Quaerat - 62405805,Aditivo
834,A - 85140363,Fertilizante
835,Voluptates - 96566664,Catalisador
836,Quisquam - 32723861,Insumo Químico
837,Magni - 62422017,Aditivo
838,Tenetur - 02762128,Aditivo
839,Temporibus - 67969272,Embalagem
840,Quaerat - 68765323,Embalagem
841,Nisi - 90973840,Catalisador
842,Neque - 89500972,Catalisador
843,Voluptatibus - 51971281,Fertilizante
844,Hic - 78189133,Fertilizante
845,Optio - 18949056,Catalisador
846,Quibusdam - 07787959,Catalisador
847,Nihil - 54420946,Insumo Químico
848,Recusandae - 40792903,Embalagem
849,Unde - 49047127,Fertilizante
850,Quae - 14429446,Embalagem
851,Facere - 01929270,Embalagem
852,Maxime - 24372800,Catalisador
853,Laboriosam - 12927661,Insumo Químico
854,Ex - 72395042,Aditivo
855,Cum - 02767475,Insumo Químico
856,Quibusdam - 36674282,Insumo Químico
857,Nostrum - 04765806,Embalagem
858,Consequatur - 85694545,Insumo Químico
859,Fugiat - 14967399,Fertilizante
860,Earum - 85258006,Embalagem
861,Atque - 06181758,Fertilizante
862,Est - 44300913,Aditivo
863,Aspernatur - 93911191,Embalagem
864,Delectus - 69212444,Aditivo
865,Omnis - 17465427,Embalagem
866,Aut - 40665047,Catalisador
867,Fuga - 27173961,Insumo Químico
868,Dolorum - 71286396,Catalisador
869,Temporibus - 17410113,Aditivo
870,Rem - 47072008,Insumo Químico
871,Vel - 64256900,Embalagem
872,Quam - 77661838,Insumo Químico
873,A - 67198559,Fertilizante
874,Vero - 46015853,Insumo Químico
875,Beatae - 74328062,Fertilizante
876,Ut - 34615713,Insumo Químico
877,Suscipit - 73203094,Fertilizante
878,Excepturi - 76184789,Aditivo
879,Odio - 00505062,Catalisador
880,Cumque - 38782930,Embalagem
881,Aut - 02707907,Insumo Químico
882,Exercitationem - 20204174,Catalisador
883,Similique - 29111794,Embalagem
884,Sint - 31365659,Embalagem
885,Cumque - 98253098,Fertilizante
886,Doloribus - 51142629,Aditivo
887,Voluptatem - 58273906,Aditivo
888,Deleniti - 19620718,Catalisador
889,Ab - 02194677,Aditivo
890,Voluptate - 23248762,Insumo Químico
891,Excepturi - 29092796,Aditivo
892,Commodi - 45608339,Catalisador
893,Cumque - 81958832,Aditivo
894,Officiis - 34031278,Insumo Químico
895,Praesentium - 22005434,Fertilizante
896,Nostrum - 45970108,Catalisador
897,Quidem - 22078117,Fertilizante
898,Ex - 79956352,Fertilizante
899,Eum - 15313638,Fertilizante
900,Minus - 31797061,Embalagem
901,Dignissimos - 39726520,Embalagem
902,Officia - 35435204,Fertilizante
903,Voluptate - 90421778,Catalisador
904,Nihil - 25349290,Insumo Químico
905,Dolores - 98316878,Insumo Químico
906,Esse - 97740636,Aditivo
907,Expedita - 56939293,Catalisador
908,Ab - 60078063,Embalagem
909,Quia - 67177318,Fertilizante
910,Quos - 06325435,Aditivo
911,Tenetur - 10742792,Insumo Químico
912,Reprehenderit - 07726255,Embalagem
913,Sunt - 70165807,Embalagem
914,Impedit - 64989310,Fertilizante
915,Sit - 50850167,Insumo Químico
916,Maiores - 79055284,Catalisador
917,Voluptatibus - 18325386,Embalagem
918,Cum - 79335546,Fertilizante
919,Provident - 64015576,Catalisador
920,Placeat - 88178844,Insumo Químico
921,Odio - 95137117,Embalagem
922,Mollitia - 24112413,Catalisador
923,Voluptatem - 27238042,Catalisador
924,Nesciunt - 82756703,Catalisador
925,Illum - 31038560,Embalagem
926,Repellendus - 55798877,Embalagem
927,Officia - 49242430,Aditivo
928,Perspiciatis - 54025479,Insumo Químico
929,Doloremque - 92842229,Fertilizante
930,Dolorem - 31059275,Catalisador
931,Facilis - 52380556,Aditivo
932,Dignissimos - 57828411,Fertilizante
933,Alias - 67275205,Aditivo
934,Quisquam - 85474925,Embalagem
935,Recusandae - 75170288,Catalisador
936,Cum - 40693750,Fertilizante
937,Consectetur - 50939831,Fertilizante
938,Hic - 30187184,Fertilizante
939,Mollitia - 37599805,Fertilizante
940,Vel - 56265651,Fertilizante
941,Accusantium - 45547812,Aditivo
942,Esse - 76742668,Catalisador
943,Deserunt - 99123475,Embalagem
944,Qui - 51961060,Embalagem
945,Tempore - 46287922,Embalagem
946,Eligendi - 26487045,Embalagem
947,Reprehenderit - 47873001,Aditivo
948,Dolor - 44714628,Insumo Químico
949,Porro - 30147195,Catalisador
950,Magni - 97964711,Fertilizante
951,Minima - 89042908,Insumo Químico
952,Dignissimos - 57252049,Embalagem
953,Magni - 65044810,Insumo Químico
954,Quam - 32192858,Catalisador
955,Ipsam - 44518950,Fertilizante
956,Dicta - 02845760,Fertilizante
957,Laboriosam - 21328336,Catalisador
958,Ratione - 98881673,Catalisador
959,Autem - 12075454,Embalagem
960,Deserunt - 79852401,Fertilizante
961,Cumque - 32234237,Insumo Químico
962,Delectus - 16110762,Aditivo
963,Animi - 31089074,Aditivo
964,Cumque - 40140117,Catalisador
965,Sed - 39325013,Embalagem
966,Dignissimos - 49552898,Aditivo
967,Excepturi - 89119082,Fertilizante
968,Esse - 34280133,Catalisador
969,Quae - 75927127,Insumo Químico
970,Libero - 66383611,Catalisador
971,Ipsam - 17182751,Insumo Químico
972,Voluptatibus - 48015714,Catalisador
973,Molestiae - 47947382,Catalisador
974,Nemo - 46317520,Catalisador
975,Accusantium - 71678115,Insumo Químico
976,Dicta - 66912156,Insumo Químico
977,Eius - 53961365,Catalisador
978,Praesentium - 49946574,Aditivo
979,Vel - 96784273,Embalagem
980,Corrupti - 14773204,Embalagem
981,Consequuntur - 01702699,Embalagem
982,Veritatis - 52499111,Insumo Químico
983,Ut - 87734775,Insumo Químico
984,Quae - 48588003,Aditivo
985,Non - 16756779,Embalagem
986,Amet - 02842769,Embalagem
987,Deleniti - 46719782,Catalisador
988,Vitae - 89778289,Insumo Químico
989,Aspernatur - 64796956,Embalagem
990,Id - 50090259,Aditivo
991,Laudantium - 90561658,Aditivo
992,Magnam - 65033340,Embalagem
993,Rerum - 11415206,Insumo Químico
994,Quidem - 50769865,Aditivo
995,Fugiat - 07905698,Catalisador
996,Molestias - 59171355,Aditivo
997,Praesentium - 85294561,Fertilizante
998,Eligendi - 71834405,Fertilizante
999,In - 96391914,Insumo Químico
1000,Rerum - 54198760,Embalagem
